{
  "version": 2,
  "buildCommand": "npm run build",
  "outputDirectory": "dist",
  "framework": "vite",
  "installCommand": "npm install",
  "devCommand": "npm run dev",
  "env": {
    "VITE_SUPABASE_URL": "@supabase_url",
    "VITE_SUPABASE_ANON_KEY": "@supabase_anon_key"
  },
  "build": {
    "env": {
      "VITE_SUPABASE_URL": "@supabase_url",
      "VITE_SUPABASE_ANON_KEY": "@supabase_anon_key"
    }
  },
  "rewrites": [
    {
      "source": "/(.*)",
      "destination": "/index.html"
    }
  ]
}
